{
  "variants": {
    "connected=false,direction=down": {
      "model": "refinedstorage:block/crafter/disconnected",
      "x": 180
    },
    "connected=true,direction=down": {
      "model": "refinedstorage:block/crafter/gray",
      "x": 180
    },
    "connected=false,direction=up": {
      "model": "refinedstorage:block/crafter/disconnected"
    },
    "connected=true,direction=up": {
      "model": "refinedstorage:block/crafter/gray"
    },
    "connected=false,direction=north": {
      "model": "refinedstorage:block/crafter/disconnected",
      "x": 90
    },
    "connected=true,direction=north": {
      "model": "refinedstorage:block/crafter/gray",
      "x": 90
    },
    "connected=false,direction=south": {
      "model": "refinedstorage:block/crafter/disconnected",
      "x": 90,
      "y": 180
    },
    "connected=true,direction=south": {
      "model": "refinedstorage:block/crafter/gray",
      "x": 90,
      "y": 180
    },
    "connected=false,direction=west": {
      "model": "refinedstorage:block/crafter/disconnected",
      "x": 90,
      "y": 270
    },
    "connected=true,direction=west": {
      "model": "refinedstorage:block/crafter/gray",
      "x": 90,
      "y": 270
    },
    "connected=false,direction=east": {
      "model": "refinedstorage:block/crafter/disconnected",
      "x": 90,
      "y": 90
    },
    "connected=true,direction=east": {
      "model": "refinedstorage:block/crafter/gray",
      "x": 90,
      "y": 90
    }
  }
}