{
  "variants": {
    "connected=false,direction=north": {
      "model": "refinedstorage:block/crafting_grid/disconnected"
    },
    "connected=true,direction=north": {
      "model": "refinedstorage:block/crafting_grid/lime"
    },
    "connected=false,direction=south": {
      "model": "refinedstorage:block/crafting_grid/disconnected",
      "y": 180
    },
    "connected=true,direction=south": {
      "model": "refinedstorage:block/crafting_grid/lime",
      "y": 180
    },
    "connected=false,direction=west": {
      "model": "refinedstorage:block/crafting_grid/disconnected",
      "y": 270
    },
    "connected=true,direction=west": {
      "model": "refinedstorage:block/crafting_grid/lime",
      "y": 270
    },
    "connected=false,direction=east": {
      "model": "refinedstorage:block/crafting_grid/disconnected",
      "y": 90
    },
    "connected=true,direction=east": {
      "model": "refinedstorage:block/crafting_grid/lime",
      "y": 90
    }
  }
}