{
  "variants": {
    "connected=false,direction=north": {
      "model": "refinedstorage:block/security_manager/disconnected"
    },
    "connected=true,direction=north": {
      "model": "refinedstorage:block/security_manager/orange"
    },
    "connected=false,direction=south": {
      "model": "refinedstorage:block/security_manager/disconnected",
      "y": 180
    },
    "connected=true,direction=south": {
      "model": "refinedstorage:block/security_manager/orange",
      "y": 180
    },
    "connected=false,direction=west": {
      "model": "refinedstorage:block/security_manager/disconnected",
      "y": 270
    },
    "connected=true,direction=west": {
      "model": "refinedstorage:block/security_manager/orange",
      "y": 270
    },
    "connected=false,direction=east": {
      "model": "refinedstorage:block/security_manager/disconnected",
      "y": 90
    },
    "connected=true,direction=east": {
      "model": "refinedstorage:block/security_manager/orange",
      "y": 90
    }
  }
}