{
  "parent": "refinedstorage:block/cube_north_cutout",
  "textures": {
    "cutout": "refinedstorage:block/disk_manipulator/cutouts/yellow",
    "down": "refinedstorage:block/bottom",
    "east": "refinedstorage:block/disk_manipulator/right",
    "north": "refinedstorage:block/disk_manipulator/front",
    "particle": "refinedstorage:block/disk_manipulator/right",
    "south": "refinedstorage:block/disk_manipulator/back",
    "up": "refinedstorage:block/disk_manipulator/top",
    "west": "refinedstorage:block/disk_manipulator/left"
  }
}