{
  "parent": "refinedstorage:block/cube_cutout",
  "textures": {
    "particle": "refinedstorage:block/security_manager/front",
    "east": "refinedstorage:block/security_manager/right",
    "south": "refinedstorage:block/security_manager/back",
    "west": "refinedstorage:block/security_manager/left",
    "up": "refinedstorage:block/security_manager/top",
    "down": "refinedstorage:block/bottom",
    "north": "refinedstorage:block/security_manager/front",
    "cutout_down": "refinedstorage:block/bottom",
    "cutout_east": "refinedstorage:block/security_manager/cutouts/right_disconnected",
    "cutout_west": "refinedstorage:block/security_manager/cutouts/left_disconnected",
    "cutout_south": "refinedstorage:block/security_manager/cutouts/back_disconnected",
    "cutout_north": "refinedstorage:block/security_manager/cutouts/front_disconnected",
    "cutout_up": "refinedstorage:block/security_manager/cutouts/top_disconnected"
  }
}