{
  "parent": "refinedstorage:block/cube_north_cutout",
  "textures": {
    "particle": "refinedstorage:block/crafter_manager/right",
    "east": "refinedstorage:block/crafter_manager/right",
    "south": "refinedstorage:block/crafter_manager/back",
    "west": "refinedstorage:block/crafter_manager/left",
    "up": "refinedstorage:block/crafter_manager/top",
    "down": "refinedstorage:block/bottom",
    "north": "refinedstorage:block/crafter_manager/front",
    "cutout": "refinedstorage:block/crafter_manager/cutouts/pink"
  }
}