{
  "parent": "refinedstorage:block/cube_north_cutout",
  "textures": {
    "particle": "refinedstorage:block/fluid_grid/right",
    "east": "refinedstorage:block/fluid_grid/right",
    "south": "refinedstorage:block/fluid_grid/back",
    "west": "refinedstorage:block/fluid_grid/left",
    "up": "refinedstorage:block/fluid_grid/top",
    "down": "refinedstorage:block/bottom",
    "north": "refinedstorage:block/fluid_grid/front",
    "cutout": "refinedstorage:block/fluid_grid/cutouts/green"
  }
}