{
  "parent": "refinedstorage:block/cube_cutout",
  "textures": {
    "particle": "refinedstorage:block/crafter/side",
    "east": "refinedstorage:block/crafter/side",
    "south": "refinedstorage:block/crafter/side",
    "west": "refinedstorage:block/crafter/side",
    "up": "refinedstorage:block/crafter/top",
    "down": "refinedstorage:block/bottom",
    "north": "refinedstorage:block/crafter/side",
    "cutout_down": "refinedstorage:block/bottom",
    "cutout_east": "refinedstorage:block/crafter/cutouts/side_green",
    "cutout_west": "refinedstorage:block/crafter/cutouts/side_green",
    "cutout_south": "refinedstorage:block/crafter/cutouts/side_green",
    "cutout_north": "refinedstorage:block/crafter/cutouts/side_green",
    "cutout_up": "refinedstorage:block/crafter/cutouts/top_green"
  }
}