{
  "parent": "refinedstorage:block/cube_north_cutout",
  "textures": {
    "particle": "refinedstorage:block/crafting_monitor/right",
    "east": "refinedstorage:block/crafting_monitor/right",
    "south": "refinedstorage:block/crafting_monitor/back",
    "west": "refinedstorage:block/crafting_monitor/left",
    "up": "refinedstorage:block/crafting_monitor/top",
    "down": "refinedstorage:block/bottom",
    "north": "refinedstorage:block/crafting_monitor/front",
    "cutout": "refinedstorage:block/crafting_monitor/cutouts/disconnected"
  }
}